DATAFLOW,LAST UPDATE,freq,indic_il,geo,TIME_PERIOD,OBS_VALUE,OBS_FLAG
ESTAT:TESSI190(1.0),22/12/23 11:00:00,A:Annual,GINI_HND:Gini coefficient (scale from 0 to 100),AL:Albania,2011,,
ESTAT:TESSI190(1.0),22/12/23 11:00:00,A:Annual,GINI_HND:Gini coefficient (scale from 0 to 100),AL:Albania,2012,,
ESTAT:TESSI190(1.0),22/12/23 11:00:00,A:Annual,GINI_HND:Gini coefficient (scale from 0 to 100),AL:Albania,2013,,
ESTAT:TESSI190(1.0),22/12/23 11:00:00,A:Annual,GINI_HND:Gini coefficient (scale from 0 to 100),AL:Albania,2014,,
ESTAT:TESSI190(1.0),22/12/23 11:00:00,A:Annual,GINI_HND:Gini coefficient (scale from 0 to 100),AL:Albania,2015,,
ESTAT:TESSI190(1.0),22/12/23 11:00:00,A:Annual,GINI_HND:Gini coefficient (scale from 0 to 100),AL:Albania,2016,,
ESTAT:TESSI190(1.0),22/12/23 11:00:00,A:Annual,GINI_HND:Gini coefficient (scale from 0 to 100),AL:Albania,2017,36.8,
ESTAT:TESSI190(1.0),22/12/23 11:00:00,A:Annual,GINI_HND:Gini coefficient (scale from 0 to 100),AL:Albania,2018,35.4,
ESTAT:TESSI190(1.0),22/12/23 11:00:00,A:Annual,GINI_HND:Gini coefficient (scale from 0 to 100),AL:Albania,2019,34.3,
ESTAT:TESSI190(1.0),22/12/23 11:00:00,A:Annual,GINI_HND:Gini coefficient (scale from 0 to 100),AL:Albania,2020,33.2,
ESTAT:TESSI190(1.0),22/12/23 11:00:00,A:Annual,GINI_HND:Gini coefficient (scale from 0 to 100),AL:Albania,2021,33.0,
ESTAT:TESSI190(1.0),22/12/23 11:00:00,A:Annual,GINI_HND:Gini coefficient (scale from 0 to 100),AL:Albania,2022,,
ESTAT:TESSI190(1.0),22/12/23 11:00:00,A:Annual,GINI_HND:Gini coefficient (scale from 0 to 100),AT:Austria,2011,27.4,
ESTAT:TESSI190(1.0),22/12/23 11:00:00,A:Annual,GINI_HND:Gini coefficient (scale from 0 to 100),AT:Austria,2012,27.6,
ESTAT:TESSI190(1.0),22/12/23 11:00:00,A:Annual,GINI_HND:Gini coefficient (scale from 0 to 100),AT:Austria,2013,27.0,
ESTAT:TESSI190(1.0),22/12/23 11:00:00,A:Annual,GINI_HND:Gini coefficient (scale from 0 to 100),AT:Austria,2014,27.6,
ESTAT:TESSI190(1.0),22/12/23 11:00:00,A:Annual,GINI_HND:Gini coefficient (scale from 0 to 100),AT:Austria,2015,27.2,
ESTAT:TESSI190(1.0),22/12/23 11:00:00,A:Annual,GINI_HND:Gini coefficient (scale from 0 to 100),AT:Austria,2016,27.2,
ESTAT:TESSI190(1.0),22/12/23 11:00:00,A:Annual,GINI_HND:Gini coefficient (scale from 0 to 100),AT:Austria,2017,27.9,
ESTAT:TESSI190(1.0),22/12/23 11:00:00,A:Annual,GINI_HND:Gini coefficient (scale from 0 to 100),AT:Austria,2018,26.8,
ESTAT:TESSI190(1.0),22/12/23 11:00:00,A:Annual,GINI_HND:Gini coefficient (scale from 0 to 100),AT:Austria,2019,27.5,
ESTAT:TESSI190(1.0),22/12/23 11:00:00,A:Annual,GINI_HND:Gini coefficient (scale from 0 to 100),AT:Austria,2020,27.0,
ESTAT:TESSI190(1.0),22/12/23 11:00:00,A:Annual,GINI_HND:Gini coefficient (scale from 0 to 100),AT:Austria,2021,26.7,
ESTAT:TESSI190(1.0),22/12/23 11:00:00,A:Annual,GINI_HND:Gini coefficient (scale from 0 to 100),AT:Austria,2022,27.8,
ESTAT:TESSI190(1.0),22/12/23 11:00:00,A:Annual,GINI_HND:Gini coefficient (scale from 0 to 100),BE:Belgium,2011,26.3,
ESTAT:TESSI190(1.0),22/12/23 11:00:00,A:Annual,GINI_HND:Gini coefficient (scale from 0 to 100),BE:Belgium,2012,26.5,
ESTAT:TESSI190(1.0),22/12/23 11:00:00,A:Annual,GINI_HND:Gini coefficient (scale from 0 to 100),BE:Belgium,2013,25.9,
ESTAT:TESSI190(1.0),22/12/23 11:00:00,A:Annual,GINI_HND:Gini coefficient (scale from 0 to 100),BE:Belgium,2014,25.9,
ESTAT:TESSI190(1.0),22/12/23 11:00:00,A:Annual,GINI_HND:Gini coefficient (scale from 0 to 100),BE:Belgium,2015,26.2,
ESTAT:TESSI190(1.0),22/12/23 11:00:00,A:Annual,GINI_HND:Gini coefficient (scale from 0 to 100),BE:Belgium,2016,26.3,
ESTAT:TESSI190(1.0),22/12/23 11:00:00,A:Annual,GINI_HND:Gini coefficient (scale from 0 to 100),BE:Belgium,2017,26.1,
ESTAT:TESSI190(1.0),22/12/23 11:00:00,A:Annual,GINI_HND:Gini coefficient (scale from 0 to 100),BE:Belgium,2018,25.7,
ESTAT:TESSI190(1.0),22/12/23 11:00:00,A:Annual,GINI_HND:Gini coefficient (scale from 0 to 100),BE:Belgium,2019,25.1,b
ESTAT:TESSI190(1.0),22/12/23 11:00:00,A:Annual,GINI_HND:Gini coefficient (scale from 0 to 100),BE:Belgium,2020,25.4,
ESTAT:TESSI190(1.0),22/12/23 11:00:00,A:Annual,GINI_HND:Gini coefficient (scale from 0 to 100),BE:Belgium,2021,24.1,
ESTAT:TESSI190(1.0),22/12/23 11:00:00,A:Annual,GINI_HND:Gini coefficient (scale from 0 to 100),BE:Belgium,2022,24.9,
ESTAT:TESSI190(1.0),22/12/23 11:00:00,A:Annual,GINI_HND:Gini coefficient (scale from 0 to 100),BG:Bulgaria,2011,35.0,
ESTAT:TESSI190(1.0),22/12/23 11:00:00,A:Annual,GINI_HND:Gini coefficient (scale from 0 to 100),BG:Bulgaria,2012,33.6,
ESTAT:TESSI190(1.0),22/12/23 11:00:00,A:Annual,GINI_HND:Gini coefficient (scale from 0 to 100),BG:Bulgaria,2013,35.4,
ESTAT:TESSI190(1.0),22/12/23 11:00:00,A:Annual,GINI_HND:Gini coefficient (scale from 0 to 100),BG:Bulgaria,2014,35.4,
ESTAT:TESSI190(1.0),22/12/23 11:00:00,A:Annual,GINI_HND:Gini coefficient (scale from 0 to 100),BG:Bulgaria,2015,37.0,
ESTAT:TESSI190(1.0),22/12/23 11:00:00,A:Annual,GINI_HND:Gini coefficient (scale from 0 to 100),BG:Bulgaria,2016,37.7,b
ESTAT:TESSI190(1.0),22/12/23 11:00:00,A:Annual,GINI_HND:Gini coefficient (scale from 0 to 100),BG:Bulgaria,2017,40.2,
ESTAT:TESSI190(1.0),22/12/23 11:00:00,A:Annual,GINI_HND:Gini coefficient (scale from 0 to 100),BG:Bulgaria,2018,39.6,
ESTAT:TESSI190(1.0),22/12/23 11:00:00,A:Annual,GINI_HND:Gini coefficient (scale from 0 to 100),BG:Bulgaria,2019,40.8,
ESTAT:TESSI190(1.0),22/12/23 11:00:00,A:Annual,GINI_HND:Gini coefficient (scale from 0 to 100),BG:Bulgaria,2020,40.0,
ESTAT:TESSI190(1.0),22/12/23 11:00:00,A:Annual,GINI_HND:Gini coefficient (scale from 0 to 100),BG:Bulgaria,2021,39.7,
ESTAT:TESSI190(1.0),22/12/23 11:00:00,A:Annual,GINI_HND:Gini coefficient (scale from 0 to 100),BG:Bulgaria,2022,38.4,
ESTAT:TESSI190(1.0),22/12/23 11:00:00,A:Annual,GINI_HND:Gini coefficient (scale from 0 to 100),CH:Switzerland,2011,29.7,
ESTAT:TESSI190(1.0),22/12/23 11:00:00,A:Annual,GINI_HND:Gini coefficient (scale from 0 to 100),CH:Switzerland,2012,28.8,
ESTAT:TESSI190(1.0),22/12/23 11:00:00,A:Annual,GINI_HND:Gini coefficient (scale from 0 to 100),CH:Switzerland,2013,28.5,
ESTAT:TESSI190(1.0),22/12/23 11:00:00,A:Annual,GINI_HND:Gini coefficient (scale from 0 to 100),CH:Switzerland,2014,29.5,b
ESTAT:TESSI190(1.0),22/12/23 11:00:00,A:Annual,GINI_HND:Gini coefficient (scale from 0 to 100),CH:Switzerland,2015,29.6,
ESTAT:TESSI190(1.0),22/12/23 11:00:00,A:Annual,GINI_HND:Gini coefficient (scale from 0 to 100),CH:Switzerland,2016,29.4,
ESTAT:TESSI190(1.0),22/12/23 11:00:00,A:Annual,GINI_HND:Gini coefficient (scale from 0 to 100),CH:Switzerland,2017,30.1,
ESTAT:TESSI190(1.0),22/12/23 11:00:00,A:Annual,GINI_HND:Gini coefficient (scale from 0 to 100),CH:Switzerland,2018,29.7,
ESTAT:TESSI190(1.0),22/12/23 11:00:00,A:Annual,GINI_HND:Gini coefficient (scale from 0 to 100),CH:Switzerland,2019,30.6,
ESTAT:TESSI190(1.0),22/12/23 11:00:00,A:Annual,GINI_HND:Gini coefficient (scale from 0 to 100),CH:Switzerland,2020,31.2,
ESTAT:TESSI190(1.0),22/12/23 11:00:00,A:Annual,GINI_HND:Gini coefficient (scale from 0 to 100),CH:Switzerland,2021,31.4,
ESTAT:TESSI190(1.0),22/12/23 11:00:00,A:Annual,GINI_HND:Gini coefficient (scale from 0 to 100),CH:Switzerland,2022,31.1,
ESTAT:TESSI190(1.0),22/12/23 11:00:00,A:Annual,GINI_HND:Gini coefficient (scale from 0 to 100),CY:Cyprus,2011,29.2,
ESTAT:TESSI190(1.0),22/12/23 11:00:00,A:Annual,GINI_HND:Gini coefficient (scale from 0 to 100),CY:Cyprus,2012,31.0,
ESTAT:TESSI190(1.0),22/12/23 11:00:00,A:Annual,GINI_HND:Gini coefficient (scale from 0 to 100),CY:Cyprus,2013,32.4,
ESTAT:TESSI190(1.0),22/12/23 11:00:00,A:Annual,GINI_HND:Gini coefficient (scale from 0 to 100),CY:Cyprus,2014,34.8,
ESTAT:TESSI190(1.0),22/12/23 11:00:00,A:Annual,GINI_HND:Gini coefficient (scale from 0 to 100),CY:Cyprus,2015,33.6,
ESTAT:TESSI190(1.0),22/12/23 11:00:00,A:Annual,GINI_HND:Gini coefficient (scale from 0 to 100),CY:Cyprus,2016,32.1,
ESTAT:TESSI190(1.0),22/12/23 11:00:00,A:Annual,GINI_HND:Gini coefficient (scale from 0 to 100),CY:Cyprus,2017,30.8,
ESTAT:TESSI190(1.0),22/12/23 11:00:00,A:Annual,GINI_HND:Gini coefficient (scale from 0 to 100),CY:Cyprus,2018,29.1,
ESTAT:TESSI190(1.0),22/12/23 11:00:00,A:Annual,GINI_HND:Gini coefficient (scale from 0 to 100),CY:Cyprus,2019,31.1,
ESTAT:TESSI190(1.0),22/12/23 11:00:00,A:Annual,GINI_HND:Gini coefficient (scale from 0 to 100),CY:Cyprus,2020,29.3,
ESTAT:TESSI190(1.0),22/12/23 11:00:00,A:Annual,GINI_HND:Gini coefficient (scale from 0 to 100),CY:Cyprus,2021,29.4,
ESTAT:TESSI190(1.0),22/12/23 11:00:00,A:Annual,GINI_HND:Gini coefficient (scale from 0 to 100),CY:Cyprus,2022,29.4,
ESTAT:TESSI190(1.0),22/12/23 11:00:00,A:Annual,GINI_HND:Gini coefficient (scale from 0 to 100),CZ:Czechia,2011,25.2,
ESTAT:TESSI190(1.0),22/12/23 11:00:00,A:Annual,GINI_HND:Gini coefficient (scale from 0 to 100),CZ:Czechia,2012,24.9,
ESTAT:TESSI190(1.0),22/12/23 11:00:00,A:Annual,GINI_HND:Gini coefficient (scale from 0 to 100),CZ:Czechia,2013,24.6,
ESTAT:TESSI190(1.0),22/12/23 11:00:00,A:Annual,GINI_HND:Gini coefficient (scale from 0 to 100),CZ:Czechia,2014,25.1,
ESTAT:TESSI190(1.0),22/12/23 11:00:00,A:Annual,GINI_HND:Gini coefficient (scale from 0 to 100),CZ:Czechia,2015,25.0,
ESTAT:TESSI190(1.0),22/12/23 11:00:00,A:Annual,GINI_HND:Gini coefficient (scale from 0 to 100),CZ:Czechia,2016,25.1,
ESTAT:TESSI190(1.0),22/12/23 11:00:00,A:Annual,GINI_HND:Gini coefficient (scale from 0 to 100),CZ:Czechia,2017,24.5,
ESTAT:TESSI190(1.0),22/12/23 11:00:00,A:Annual,GINI_HND:Gini coefficient (scale from 0 to 100),CZ:Czechia,2018,24.0,
ESTAT:TESSI190(1.0),22/12/23 11:00:00,A:Annual,GINI_HND:Gini coefficient (scale from 0 to 100),CZ:Czechia,2019,24.0,
ESTAT:TESSI190(1.0),22/12/23 11:00:00,A:Annual,GINI_HND:Gini coefficient (scale from 0 to 100),CZ:Czechia,2020,24.2,
ESTAT:TESSI190(1.0),22/12/23 11:00:00,A:Annual,GINI_HND:Gini coefficient (scale from 0 to 100),CZ:Czechia,2021,24.8,
ESTAT:TESSI190(1.0),22/12/23 11:00:00,A:Annual,GINI_HND:Gini coefficient (scale from 0 to 100),CZ:Czechia,2022,24.8,
ESTAT:TESSI190(1.0),22/12/23 11:00:00,A:Annual,GINI_HND:Gini coefficient (scale from 0 to 100),DE:Germany,2011,29.0,
ESTAT:TESSI190(1.0),22/12/23 11:00:00,A:Annual,GINI_HND:Gini coefficient (scale from 0 to 100),DE:Germany,2012,28.3,
ESTAT:TESSI190(1.0),22/12/23 11:00:00,A:Annual,GINI_HND:Gini coefficient (scale from 0 to 100),DE:Germany,2013,29.7,
ESTAT:TESSI190(1.0),22/12/23 11:00:00,A:Annual,GINI_HND:Gini coefficient (scale from 0 to 100),DE:Germany,2014,30.7,
ESTAT:TESSI190(1.0),22/12/23 11:00:00,A:Annual,GINI_HND:Gini coefficient (scale from 0 to 100),DE:Germany,2015,30.1,
ESTAT:TESSI190(1.0),22/12/23 11:00:00,A:Annual,GINI_HND:Gini coefficient (scale from 0 to 100),DE:Germany,2016,29.5,
ESTAT:TESSI190(1.0),22/12/23 11:00:00,A:Annual,GINI_HND:Gini coefficient (scale from 0 to 100),DE:Germany,2017,29.1,
ESTAT:TESSI190(1.0),22/12/23 11:00:00,A:Annual,GINI_HND:Gini coefficient (scale from 0 to 100),DE:Germany,2018,31.1,
ESTAT:TESSI190(1.0),22/12/23 11:00:00,A:Annual,GINI_HND:Gini coefficient (scale from 0 to 100),DE:Germany,2019,29.7,
ESTAT:TESSI190(1.0),22/12/23 11:00:00,A:Annual,GINI_HND:Gini coefficient (scale from 0 to 100),DE:Germany,2020,30.5,b
ESTAT:TESSI190(1.0),22/12/23 11:00:00,A:Annual,GINI_HND:Gini coefficient (scale from 0 to 100),DE:Germany,2021,31.2,
ESTAT:TESSI190(1.0),22/12/23 11:00:00,A:Annual,GINI_HND:Gini coefficient (scale from 0 to 100),DE:Germany,2022,28.8,
ESTAT:TESSI190(1.0),22/12/23 11:00:00,A:Annual,GINI_HND:Gini coefficient (scale from 0 to 100),DK:Denmark,2011,26.6,b
ESTAT:TESSI190(1.0),22/12/23 11:00:00,A:Annual,GINI_HND:Gini coefficient (scale from 0 to 100),DK:Denmark,2012,26.5,
ESTAT:TESSI190(1.0),22/12/23 11:00:00,A:Annual,GINI_HND:Gini coefficient (scale from 0 to 100),DK:Denmark,2013,26.8,
ESTAT:TESSI190(1.0),22/12/23 11:00:00,A:Annual,GINI_HND:Gini coefficient (scale from 0 to 100),DK:Denmark,2014,27.7,
ESTAT:TESSI190(1.0),22/12/23 11:00:00,A:Annual,GINI_HND:Gini coefficient (scale from 0 to 100),DK:Denmark,2015,27.4,
ESTAT:TESSI190(1.0),22/12/23 11:00:00,A:Annual,GINI_HND:Gini coefficient (scale from 0 to 100),DK:Denmark,2016,27.7,
ESTAT:TESSI190(1.0),22/12/23 11:00:00,A:Annual,GINI_HND:Gini coefficient (scale from 0 to 100),DK:Denmark,2017,27.6,
ESTAT:TESSI190(1.0),22/12/23 11:00:00,A:Annual,GINI_HND:Gini coefficient (scale from 0 to 100),DK:Denmark,2018,27.8,
ESTAT:TESSI190(1.0),22/12/23 11:00:00,A:Annual,GINI_HND:Gini coefficient (scale from 0 to 100),DK:Denmark,2019,27.5,
ESTAT:TESSI190(1.0),22/12/23 11:00:00,A:Annual,GINI_HND:Gini coefficient (scale from 0 to 100),DK:Denmark,2020,27.3,b
ESTAT:TESSI190(1.0),22/12/23 11:00:00,A:Annual,GINI_HND:Gini coefficient (scale from 0 to 100),DK:Denmark,2021,27.0,
ESTAT:TESSI190(1.0),22/12/23 11:00:00,A:Annual,GINI_HND:Gini coefficient (scale from 0 to 100),DK:Denmark,2022,27.7,
ESTAT:TESSI190(1.0),22/12/23 11:00:00,A:Annual,GINI_HND:Gini coefficient (scale from 0 to 100),EA19:Euro area - 19 countries  (2015-2022),2011,30.6,
ESTAT:TESSI190(1.0),22/12/23 11:00:00,A:Annual,GINI_HND:Gini coefficient (scale from 0 to 100),EA19:Euro area - 19 countries  (2015-2022),2012,30.5,
ESTAT:TESSI190(1.0),22/12/23 11:00:00,A:Annual,GINI_HND:Gini coefficient (scale from 0 to 100),EA19:Euro area - 19 countries  (2015-2022),2013,30.7,
ESTAT:TESSI190(1.0),22/12/23 11:00:00,A:Annual,GINI_HND:Gini coefficient (scale from 0 to 100),EA19:Euro area - 19 countries  (2015-2022),2014,31.0,
ESTAT:TESSI190(1.0),22/12/23 11:00:00,A:Annual,GINI_HND:Gini coefficient (scale from 0 to 100),EA19:Euro area - 19 countries  (2015-2022),2015,30.7,
ESTAT:TESSI190(1.0),22/12/23 11:00:00,A:Annual,GINI_HND:Gini coefficient (scale from 0 to 100),EA19:Euro area - 19 countries  (2015-2022),2016,30.7,
ESTAT:TESSI190(1.0),22/12/23 11:00:00,A:Annual,GINI_HND:Gini coefficient (scale from 0 to 100),EA19:Euro area - 19 countries  (2015-2022),2017,30.4,
ESTAT:TESSI190(1.0),22/12/23 11:00:00,A:Annual,GINI_HND:Gini coefficient (scale from 0 to 100),EA19:Euro area - 19 countries  (2015-2022),2018,30.6,
ESTAT:TESSI190(1.0),22/12/23 11:00:00,A:Annual,GINI_HND:Gini coefficient (scale from 0 to 100),EA19:Euro area - 19 countries  (2015-2022),2019,30.2,
ESTAT:TESSI190(1.0),22/12/23 11:00:00,A:Annual,GINI_HND:Gini coefficient (scale from 0 to 100),EA19:Euro area - 19 countries  (2015-2022),2020,30.3,b
ESTAT:TESSI190(1.0),22/12/23 11:00:00,A:Annual,GINI_HND:Gini coefficient (scale from 0 to 100),EA19:Euro area - 19 countries  (2015-2022),2021,30.5,
ESTAT:TESSI190(1.0),22/12/23 11:00:00,A:Annual,GINI_HND:Gini coefficient (scale from 0 to 100),EA19:Euro area - 19 countries  (2015-2022),2022,,
ESTAT:TESSI190(1.0),22/12/23 11:00:00,A:Annual,GINI_HND:Gini coefficient (scale from 0 to 100),EA20:Euro area – 20 countries (from 2023),2011,,
ESTAT:TESSI190(1.0),22/12/23 11:00:00,A:Annual,GINI_HND:Gini coefficient (scale from 0 to 100),EA20:Euro area – 20 countries (from 2023),2012,,
ESTAT:TESSI190(1.0),22/12/23 11:00:00,A:Annual,GINI_HND:Gini coefficient (scale from 0 to 100),EA20:Euro area – 20 countries (from 2023),2013,,
ESTAT:TESSI190(1.0),22/12/23 11:00:00,A:Annual,GINI_HND:Gini coefficient (scale from 0 to 100),EA20:Euro area – 20 countries (from 2023),2014,30.9,
ESTAT:TESSI190(1.0),22/12/23 11:00:00,A:Annual,GINI_HND:Gini coefficient (scale from 0 to 100),EA20:Euro area – 20 countries (from 2023),2015,30.7,
ESTAT:TESSI190(1.0),22/12/23 11:00:00,A:Annual,GINI_HND:Gini coefficient (scale from 0 to 100),EA20:Euro area – 20 countries (from 2023),2016,30.7,
ESTAT:TESSI190(1.0),22/12/23 11:00:00,A:Annual,GINI_HND:Gini coefficient (scale from 0 to 100),EA20:Euro area – 20 countries (from 2023),2017,30.4,
ESTAT:TESSI190(1.0),22/12/23 11:00:00,A:Annual,GINI_HND:Gini coefficient (scale from 0 to 100),EA20:Euro area – 20 countries (from 2023),2018,30.6,
ESTAT:TESSI190(1.0),22/12/23 11:00:00,A:Annual,GINI_HND:Gini coefficient (scale from 0 to 100),EA20:Euro area – 20 countries (from 2023),2019,30.2,
ESTAT:TESSI190(1.0),22/12/23 11:00:00,A:Annual,GINI_HND:Gini coefficient (scale from 0 to 100),EA20:Euro area – 20 countries (from 2023),2020,30.2,
ESTAT:TESSI190(1.0),22/12/23 11:00:00,A:Annual,GINI_HND:Gini coefficient (scale from 0 to 100),EA20:Euro area – 20 countries (from 2023),2021,30.6,
ESTAT:TESSI190(1.0),22/12/23 11:00:00,A:Annual,GINI_HND:Gini coefficient (scale from 0 to 100),EA20:Euro area – 20 countries (from 2023),2022,29.9,
ESTAT:TESSI190(1.0),22/12/23 11:00:00,A:Annual,GINI_HND:Gini coefficient (scale from 0 to 100),EE:Estonia,2011,31.9,
ESTAT:TESSI190(1.0),22/12/23 11:00:00,A:Annual,GINI_HND:Gini coefficient (scale from 0 to 100),EE:Estonia,2012,32.5,
ESTAT:TESSI190(1.0),22/12/23 11:00:00,A:Annual,GINI_HND:Gini coefficient (scale from 0 to 100),EE:Estonia,2013,32.9,
ESTAT:TESSI190(1.0),22/12/23 11:00:00,A:Annual,GINI_HND:Gini coefficient (scale from 0 to 100),EE:Estonia,2014,35.6,b
ESTAT:TESSI190(1.0),22/12/23 11:00:00,A:Annual,GINI_HND:Gini coefficient (scale from 0 to 100),EE:Estonia,2015,34.8,
ESTAT:TESSI190(1.0),22/12/23 11:00:00,A:Annual,GINI_HND:Gini coefficient (scale from 0 to 100),EE:Estonia,2016,32.7,
ESTAT:TESSI190(1.0),22/12/23 11:00:00,A:Annual,GINI_HND:Gini coefficient (scale from 0 to 100),EE:Estonia,2017,31.6,
ESTAT:TESSI190(1.0),22/12/23 11:00:00,A:Annual,GINI_HND:Gini coefficient (scale from 0 to 100),EE:Estonia,2018,30.6,
ESTAT:TESSI190(1.0),22/12/23 11:00:00,A:Annual,GINI_HND:Gini coefficient (scale from 0 to 100),EE:Estonia,2019,30.5,
ESTAT:TESSI190(1.0),22/12/23 11:00:00,A:Annual,GINI_HND:Gini coefficient (scale from 0 to 100),EE:Estonia,2020,30.5,
ESTAT:TESSI190(1.0),22/12/23 11:00:00,A:Annual,GINI_HND:Gini coefficient (scale from 0 to 100),EE:Estonia,2021,30.6,
ESTAT:TESSI190(1.0),22/12/23 11:00:00,A:Annual,GINI_HND:Gini coefficient (scale from 0 to 100),EE:Estonia,2022,31.9,
ESTAT:TESSI190(1.0),22/12/23 11:00:00,A:Annual,GINI_HND:Gini coefficient (scale from 0 to 100),EL:Greece,2011,33.5,
ESTAT:TESSI190(1.0),22/12/23 11:00:00,A:Annual,GINI_HND:Gini coefficient (scale from 0 to 100),EL:Greece,2012,34.3,
ESTAT:TESSI190(1.0),22/12/23 11:00:00,A:Annual,GINI_HND:Gini coefficient (scale from 0 to 100),EL:Greece,2013,34.4,
ESTAT:TESSI190(1.0),22/12/23 11:00:00,A:Annual,GINI_HND:Gini coefficient (scale from 0 to 100),EL:Greece,2014,34.5,
ESTAT:TESSI190(1.0),22/12/23 11:00:00,A:Annual,GINI_HND:Gini coefficient (scale from 0 to 100),EL:Greece,2015,34.2,
ESTAT:TESSI190(1.0),22/12/23 11:00:00,A:Annual,GINI_HND:Gini coefficient (scale from 0 to 100),EL:Greece,2016,34.3,
ESTAT:TESSI190(1.0),22/12/23 11:00:00,A:Annual,GINI_HND:Gini coefficient (scale from 0 to 100),EL:Greece,2017,33.4,
ESTAT:TESSI190(1.0),22/12/23 11:00:00,A:Annual,GINI_HND:Gini coefficient (scale from 0 to 100),EL:Greece,2018,32.3,
ESTAT:TESSI190(1.0),22/12/23 11:00:00,A:Annual,GINI_HND:Gini coefficient (scale from 0 to 100),EL:Greece,2019,31.0,
ESTAT:TESSI190(1.0),22/12/23 11:00:00,A:Annual,GINI_HND:Gini coefficient (scale from 0 to 100),EL:Greece,2020,31.4,
ESTAT:TESSI190(1.0),22/12/23 11:00:00,A:Annual,GINI_HND:Gini coefficient (scale from 0 to 100),EL:Greece,2021,32.4,
ESTAT:TESSI190(1.0),22/12/23 11:00:00,A:Annual,GINI_HND:Gini coefficient (scale from 0 to 100),EL:Greece,2022,31.4,
ESTAT:TESSI190(1.0),22/12/23 11:00:00,A:Annual,GINI_HND:Gini coefficient (scale from 0 to 100),ES:Spain,2011,34.0,
ESTAT:TESSI190(1.0),22/12/23 11:00:00,A:Annual,GINI_HND:Gini coefficient (scale from 0 to 100),ES:Spain,2012,34.2,
ESTAT:TESSI190(1.0),22/12/23 11:00:00,A:Annual,GINI_HND:Gini coefficient (scale from 0 to 100),ES:Spain,2013,33.7,
ESTAT:TESSI190(1.0),22/12/23 11:00:00,A:Annual,GINI_HND:Gini coefficient (scale from 0 to 100),ES:Spain,2014,34.7,
ESTAT:TESSI190(1.0),22/12/23 11:00:00,A:Annual,GINI_HND:Gini coefficient (scale from 0 to 100),ES:Spain,2015,34.6,
ESTAT:TESSI190(1.0),22/12/23 11:00:00,A:Annual,GINI_HND:Gini coefficient (scale from 0 to 100),ES:Spain,2016,34.5,
ESTAT:TESSI190(1.0),22/12/23 11:00:00,A:Annual,GINI_HND:Gini coefficient (scale from 0 to 100),ES:Spain,2017,34.1,
ESTAT:TESSI190(1.0),22/12/23 11:00:00,A:Annual,GINI_HND:Gini coefficient (scale from 0 to 100),ES:Spain,2018,33.2,
ESTAT:TESSI190(1.0),22/12/23 11:00:00,A:Annual,GINI_HND:Gini coefficient (scale from 0 to 100),ES:Spain,2019,33.0,
ESTAT:TESSI190(1.0),22/12/23 11:00:00,A:Annual,GINI_HND:Gini coefficient (scale from 0 to 100),ES:Spain,2020,32.1,
ESTAT:TESSI190(1.0),22/12/23 11:00:00,A:Annual,GINI_HND:Gini coefficient (scale from 0 to 100),ES:Spain,2021,33.0,
ESTAT:TESSI190(1.0),22/12/23 11:00:00,A:Annual,GINI_HND:Gini coefficient (scale from 0 to 100),ES:Spain,2022,32.0,
ESTAT:TESSI190(1.0),22/12/23 11:00:00,A:Annual,GINI_HND:Gini coefficient (scale from 0 to 100),EU27_2007:European Union - 27 countries (2007-2013),2011,30.8,
ESTAT:TESSI190(1.0),22/12/23 11:00:00,A:Annual,GINI_HND:Gini coefficient (scale from 0 to 100),EU27_2007:European Union - 27 countries (2007-2013),2012,30.5,
ESTAT:TESSI190(1.0),22/12/23 11:00:00,A:Annual,GINI_HND:Gini coefficient (scale from 0 to 100),EU27_2007:European Union - 27 countries (2007-2013),2013,30.5,
ESTAT:TESSI190(1.0),22/12/23 11:00:00,A:Annual,GINI_HND:Gini coefficient (scale from 0 to 100),EU27_2007:European Union - 27 countries (2007-2013),2014,31.0,
ESTAT:TESSI190(1.0),22/12/23 11:00:00,A:Annual,GINI_HND:Gini coefficient (scale from 0 to 100),EU27_2007:European Union - 27 countries (2007-2013),2015,31.0,
ESTAT:TESSI190(1.0),22/12/23 11:00:00,A:Annual,GINI_HND:Gini coefficient (scale from 0 to 100),EU27_2007:European Union - 27 countries (2007-2013),2016,30.8,
ESTAT:TESSI190(1.0),22/12/23 11:00:00,A:Annual,GINI_HND:Gini coefficient (scale from 0 to 100),EU27_2007:European Union - 27 countries (2007-2013),2017,30.6,
ESTAT:TESSI190(1.0),22/12/23 11:00:00,A:Annual,GINI_HND:Gini coefficient (scale from 0 to 100),EU27_2007:European Union - 27 countries (2007-2013),2018,30.8,
ESTAT:TESSI190(1.0),22/12/23 11:00:00,A:Annual,GINI_HND:Gini coefficient (scale from 0 to 100),EU27_2007:European Union - 27 countries (2007-2013),2019,30.6,e
ESTAT:TESSI190(1.0),22/12/23 11:00:00,A:Annual,GINI_HND:Gini coefficient (scale from 0 to 100),EU27_2007:European Union - 27 countries (2007-2013),2020,,
ESTAT:TESSI190(1.0),22/12/23 11:00:00,A:Annual,GINI_HND:Gini coefficient (scale from 0 to 100),EU27_2007:European Union - 27 countries (2007-2013),2021,,
ESTAT:TESSI190(1.0),22/12/23 11:00:00,A:Annual,GINI_HND:Gini coefficient (scale from 0 to 100),EU27_2007:European Union - 27 countries (2007-2013),2022,,
ESTAT:TESSI190(1.0),22/12/23 11:00:00,A:Annual,GINI_HND:Gini coefficient (scale from 0 to 100),EU27_2020:European Union - 27 countries (from 2020),2011,30.5,
ESTAT:TESSI190(1.0),22/12/23 11:00:00,A:Annual,GINI_HND:Gini coefficient (scale from 0 to 100),EU27_2020:European Union - 27 countries (from 2020),2012,30.4,
ESTAT:TESSI190(1.0),22/12/23 11:00:00,A:Annual,GINI_HND:Gini coefficient (scale from 0 to 100),EU27_2020:European Union - 27 countries (from 2020),2013,30.6,
ESTAT:TESSI190(1.0),22/12/23 11:00:00,A:Annual,GINI_HND:Gini coefficient (scale from 0 to 100),EU27_2020:European Union - 27 countries (from 2020),2014,30.9,e
ESTAT:TESSI190(1.0),22/12/23 11:00:00,A:Annual,GINI_HND:Gini coefficient (scale from 0 to 100),EU27_2020:European Union - 27 countries (from 2020),2015,30.8,e
ESTAT:TESSI190(1.0),22/12/23 11:00:00,A:Annual,GINI_HND:Gini coefficient (scale from 0 to 100),EU27_2020:European Union - 27 countries (from 2020),2016,30.6,e
ESTAT:TESSI190(1.0),22/12/23 11:00:00,A:Annual,GINI_HND:Gini coefficient (scale from 0 to 100),EU27_2020:European Union - 27 countries (from 2020),2017,30.3,e
ESTAT:TESSI190(1.0),22/12/23 11:00:00,A:Annual,GINI_HND:Gini coefficient (scale from 0 to 100),EU27_2020:European Union - 27 countries (from 2020),2018,30.4,e
ESTAT:TESSI190(1.0),22/12/23 11:00:00,A:Annual,GINI_HND:Gini coefficient (scale from 0 to 100),EU27_2020:European Union - 27 countries (from 2020),2019,30.2,e
ESTAT:TESSI190(1.0),22/12/23 11:00:00,A:Annual,GINI_HND:Gini coefficient (scale from 0 to 100),EU27_2020:European Union - 27 countries (from 2020),2020,30.0,b
ESTAT:TESSI190(1.0),22/12/23 11:00:00,A:Annual,GINI_HND:Gini coefficient (scale from 0 to 100),EU27_2020:European Union - 27 countries (from 2020),2021,30.2,
ESTAT:TESSI190(1.0),22/12/23 11:00:00,A:Annual,GINI_HND:Gini coefficient (scale from 0 to 100),EU27_2020:European Union - 27 countries (from 2020),2022,29.6,
ESTAT:TESSI190(1.0),22/12/23 11:00:00,A:Annual,GINI_HND:Gini coefficient (scale from 0 to 100),EU28:European Union - 28 countries (2013-2020),2011,30.8,
ESTAT:TESSI190(1.0),22/12/23 11:00:00,A:Annual,GINI_HND:Gini coefficient (scale from 0 to 100),EU28:European Union - 28 countries (2013-2020),2012,30.5,
ESTAT:TESSI190(1.0),22/12/23 11:00:00,A:Annual,GINI_HND:Gini coefficient (scale from 0 to 100),EU28:European Union - 28 countries (2013-2020),2013,30.5,
ESTAT:TESSI190(1.0),22/12/23 11:00:00,A:Annual,GINI_HND:Gini coefficient (scale from 0 to 100),EU28:European Union - 28 countries (2013-2020),2014,31.0,
ESTAT:TESSI190(1.0),22/12/23 11:00:00,A:Annual,GINI_HND:Gini coefficient (scale from 0 to 100),EU28:European Union - 28 countries (2013-2020),2015,31.0,
ESTAT:TESSI190(1.0),22/12/23 11:00:00,A:Annual,GINI_HND:Gini coefficient (scale from 0 to 100),EU28:European Union - 28 countries (2013-2020),2016,30.8,
ESTAT:TESSI190(1.0),22/12/23 11:00:00,A:Annual,GINI_HND:Gini coefficient (scale from 0 to 100),EU28:European Union - 28 countries (2013-2020),2017,30.6,
ESTAT:TESSI190(1.0),22/12/23 11:00:00,A:Annual,GINI_HND:Gini coefficient (scale from 0 to 100),EU28:European Union - 28 countries (2013-2020),2018,30.8,
ESTAT:TESSI190(1.0),22/12/23 11:00:00,A:Annual,GINI_HND:Gini coefficient (scale from 0 to 100),EU28:European Union - 28 countries (2013-2020),2019,30.6,e
ESTAT:TESSI190(1.0),22/12/23 11:00:00,A:Annual,GINI_HND:Gini coefficient (scale from 0 to 100),EU28:European Union - 28 countries (2013-2020),2020,,
ESTAT:TESSI190(1.0),22/12/23 11:00:00,A:Annual,GINI_HND:Gini coefficient (scale from 0 to 100),EU28:European Union - 28 countries (2013-2020),2021,,
ESTAT:TESSI190(1.0),22/12/23 11:00:00,A:Annual,GINI_HND:Gini coefficient (scale from 0 to 100),EU28:European Union - 28 countries (2013-2020),2022,,
ESTAT:TESSI190(1.0),22/12/23 11:00:00,A:Annual,GINI_HND:Gini coefficient (scale from 0 to 100),FI:Finland,2011,25.8,
ESTAT:TESSI190(1.0),22/12/23 11:00:00,A:Annual,GINI_HND:Gini coefficient (scale from 0 to 100),FI:Finland,2012,25.9,
ESTAT:TESSI190(1.0),22/12/23 11:00:00,A:Annual,GINI_HND:Gini coefficient (scale from 0 to 100),FI:Finland,2013,25.4,
ESTAT:TESSI190(1.0),22/12/23 11:00:00,A:Annual,GINI_HND:Gini coefficient (scale from 0 to 100),FI:Finland,2014,25.6,
ESTAT:TESSI190(1.0),22/12/23 11:00:00,A:Annual,GINI_HND:Gini coefficient (scale from 0 to 100),FI:Finland,2015,25.2,
ESTAT:TESSI190(1.0),22/12/23 11:00:00,A:Annual,GINI_HND:Gini coefficient (scale from 0 to 100),FI:Finland,2016,25.4,
ESTAT:TESSI190(1.0),22/12/23 11:00:00,A:Annual,GINI_HND:Gini coefficient (scale from 0 to 100),FI:Finland,2017,25.3,
ESTAT:TESSI190(1.0),22/12/23 11:00:00,A:Annual,GINI_HND:Gini coefficient (scale from 0 to 100),FI:Finland,2018,25.9,
ESTAT:TESSI190(1.0),22/12/23 11:00:00,A:Annual,GINI_HND:Gini coefficient (scale from 0 to 100),FI:Finland,2019,26.2,
ESTAT:TESSI190(1.0),22/12/23 11:00:00,A:Annual,GINI_HND:Gini coefficient (scale from 0 to 100),FI:Finland,2020,26.5,
ESTAT:TESSI190(1.0),22/12/23 11:00:00,A:Annual,GINI_HND:Gini coefficient (scale from 0 to 100),FI:Finland,2021,25.7,
ESTAT:TESSI190(1.0),22/12/23 11:00:00,A:Annual,GINI_HND:Gini coefficient (scale from 0 to 100),FI:Finland,2022,26.6,
ESTAT:TESSI190(1.0),22/12/23 11:00:00,A:Annual,GINI_HND:Gini coefficient (scale from 0 to 100),FR:France,2011,30.8,
ESTAT:TESSI190(1.0),22/12/23 11:00:00,A:Annual,GINI_HND:Gini coefficient (scale from 0 to 100),FR:France,2012,30.5,
ESTAT:TESSI190(1.0),22/12/23 11:00:00,A:Annual,GINI_HND:Gini coefficient (scale from 0 to 100),FR:France,2013,30.1,
ESTAT:TESSI190(1.0),22/12/23 11:00:00,A:Annual,GINI_HND:Gini coefficient (scale from 0 to 100),FR:France,2014,29.2,
ESTAT:TESSI190(1.0),22/12/23 11:00:00,A:Annual,GINI_HND:Gini coefficient (scale from 0 to 100),FR:France,2015,29.2,
ESTAT:TESSI190(1.0),22/12/23 11:00:00,A:Annual,GINI_HND:Gini coefficient (scale from 0 to 100),FR:France,2016,29.3,
ESTAT:TESSI190(1.0),22/12/23 11:00:00,A:Annual,GINI_HND:Gini coefficient (scale from 0 to 100),FR:France,2017,28.8,
ESTAT:TESSI190(1.0),22/12/23 11:00:00,A:Annual,GINI_HND:Gini coefficient (scale from 0 to 100),FR:France,2018,28.5,
ESTAT:TESSI190(1.0),22/12/23 11:00:00,A:Annual,GINI_HND:Gini coefficient (scale from 0 to 100),FR:France,2019,29.2,
ESTAT:TESSI190(1.0),22/12/23 11:00:00,A:Annual,GINI_HND:Gini coefficient (scale from 0 to 100),FR:France,2020,29.2,b
ESTAT:TESSI190(1.0),22/12/23 11:00:00,A:Annual,GINI_HND:Gini coefficient (scale from 0 to 100),FR:France,2021,29.3,
ESTAT:TESSI190(1.0),22/12/23 11:00:00,A:Annual,GINI_HND:Gini coefficient (scale from 0 to 100),FR:France,2022,29.8,b
ESTAT:TESSI190(1.0),22/12/23 11:00:00,A:Annual,GINI_HND:Gini coefficient (scale from 0 to 100),HR:Croatia,2011,31.2,
ESTAT:TESSI190(1.0),22/12/23 11:00:00,A:Annual,GINI_HND:Gini coefficient (scale from 0 to 100),HR:Croatia,2012,30.9,
ESTAT:TESSI190(1.0),22/12/23 11:00:00,A:Annual,GINI_HND:Gini coefficient (scale from 0 to 100),HR:Croatia,2013,30.9,
ESTAT:TESSI190(1.0),22/12/23 11:00:00,A:Annual,GINI_HND:Gini coefficient (scale from 0 to 100),HR:Croatia,2014,30.2,
ESTAT:TESSI190(1.0),22/12/23 11:00:00,A:Annual,GINI_HND:Gini coefficient (scale from 0 to 100),HR:Croatia,2015,30.4,
ESTAT:TESSI190(1.0),22/12/23 11:00:00,A:Annual,GINI_HND:Gini coefficient (scale from 0 to 100),HR:Croatia,2016,29.8,
ESTAT:TESSI190(1.0),22/12/23 11:00:00,A:Annual,GINI_HND:Gini coefficient (scale from 0 to 100),HR:Croatia,2017,29.9,
ESTAT:TESSI190(1.0),22/12/23 11:00:00,A:Annual,GINI_HND:Gini coefficient (scale from 0 to 100),HR:Croatia,2018,29.7,
ESTAT:TESSI190(1.0),22/12/23 11:00:00,A:Annual,GINI_HND:Gini coefficient (scale from 0 to 100),HR:Croatia,2019,29.2,
ESTAT:TESSI190(1.0),22/12/23 11:00:00,A:Annual,GINI_HND:Gini coefficient (scale from 0 to 100),HR:Croatia,2020,28.3,
ESTAT:TESSI190(1.0),22/12/23 11:00:00,A:Annual,GINI_HND:Gini coefficient (scale from 0 to 100),HR:Croatia,2021,29.2,
ESTAT:TESSI190(1.0),22/12/23 11:00:00,A:Annual,GINI_HND:Gini coefficient (scale from 0 to 100),HR:Croatia,2022,28.5,
ESTAT:TESSI190(1.0),22/12/23 11:00:00,A:Annual,GINI_HND:Gini coefficient (scale from 0 to 100),HU:Hungary,2011,26.9,
ESTAT:TESSI190(1.0),22/12/23 11:00:00,A:Annual,GINI_HND:Gini coefficient (scale from 0 to 100),HU:Hungary,2012,27.2,
ESTAT:TESSI190(1.0),22/12/23 11:00:00,A:Annual,GINI_HND:Gini coefficient (scale from 0 to 100),HU:Hungary,2013,28.3,
ESTAT:TESSI190(1.0),22/12/23 11:00:00,A:Annual,GINI_HND:Gini coefficient (scale from 0 to 100),HU:Hungary,2014,28.6,
ESTAT:TESSI190(1.0),22/12/23 11:00:00,A:Annual,GINI_HND:Gini coefficient (scale from 0 to 100),HU:Hungary,2015,28.2,
ESTAT:TESSI190(1.0),22/12/23 11:00:00,A:Annual,GINI_HND:Gini coefficient (scale from 0 to 100),HU:Hungary,2016,28.2,
ESTAT:TESSI190(1.0),22/12/23 11:00:00,A:Annual,GINI_HND:Gini coefficient (scale from 0 to 100),HU:Hungary,2017,28.1,
ESTAT:TESSI190(1.0),22/12/23 11:00:00,A:Annual,GINI_HND:Gini coefficient (scale from 0 to 100),HU:Hungary,2018,28.7,
ESTAT:TESSI190(1.0),22/12/23 11:00:00,A:Annual,GINI_HND:Gini coefficient (scale from 0 to 100),HU:Hungary,2019,28.0,
ESTAT:TESSI190(1.0),22/12/23 11:00:00,A:Annual,GINI_HND:Gini coefficient (scale from 0 to 100),HU:Hungary,2020,28.0,
ESTAT:TESSI190(1.0),22/12/23 11:00:00,A:Annual,GINI_HND:Gini coefficient (scale from 0 to 100),HU:Hungary,2021,27.6,
ESTAT:TESSI190(1.0),22/12/23 11:00:00,A:Annual,GINI_HND:Gini coefficient (scale from 0 to 100),HU:Hungary,2022,27.4,
ESTAT:TESSI190(1.0),22/12/23 11:00:00,A:Annual,GINI_HND:Gini coefficient (scale from 0 to 100),IE:Ireland,2011,29.8,
ESTAT:TESSI190(1.0),22/12/23 11:00:00,A:Annual,GINI_HND:Gini coefficient (scale from 0 to 100),IE:Ireland,2012,30.4,
ESTAT:TESSI190(1.0),22/12/23 11:00:00,A:Annual,GINI_HND:Gini coefficient (scale from 0 to 100),IE:Ireland,2013,30.7,
ESTAT:TESSI190(1.0),22/12/23 11:00:00,A:Annual,GINI_HND:Gini coefficient (scale from 0 to 100),IE:Ireland,2014,31.0,
ESTAT:TESSI190(1.0),22/12/23 11:00:00,A:Annual,GINI_HND:Gini coefficient (scale from 0 to 100),IE:Ireland,2015,29.7,
ESTAT:TESSI190(1.0),22/12/23 11:00:00,A:Annual,GINI_HND:Gini coefficient (scale from 0 to 100),IE:Ireland,2016,29.6,
ESTAT:TESSI190(1.0),22/12/23 11:00:00,A:Annual,GINI_HND:Gini coefficient (scale from 0 to 100),IE:Ireland,2017,30.6,
ESTAT:TESSI190(1.0),22/12/23 11:00:00,A:Annual,GINI_HND:Gini coefficient (scale from 0 to 100),IE:Ireland,2018,28.9,
ESTAT:TESSI190(1.0),22/12/23 11:00:00,A:Annual,GINI_HND:Gini coefficient (scale from 0 to 100),IE:Ireland,2019,28.3,
ESTAT:TESSI190(1.0),22/12/23 11:00:00,A:Annual,GINI_HND:Gini coefficient (scale from 0 to 100),IE:Ireland,2020,28.3,b
ESTAT:TESSI190(1.0),22/12/23 11:00:00,A:Annual,GINI_HND:Gini coefficient (scale from 0 to 100),IE:Ireland,2021,26.9,
ESTAT:TESSI190(1.0),22/12/23 11:00:00,A:Annual,GINI_HND:Gini coefficient (scale from 0 to 100),IE:Ireland,2022,27.9,
ESTAT:TESSI190(1.0),22/12/23 11:00:00,A:Annual,GINI_HND:Gini coefficient (scale from 0 to 100),IS:Iceland,2011,23.6,
ESTAT:TESSI190(1.0),22/12/23 11:00:00,A:Annual,GINI_HND:Gini coefficient (scale from 0 to 100),IS:Iceland,2012,24.0,
ESTAT:TESSI190(1.0),22/12/23 11:00:00,A:Annual,GINI_HND:Gini coefficient (scale from 0 to 100),IS:Iceland,2013,24.0,
ESTAT:TESSI190(1.0),22/12/23 11:00:00,A:Annual,GINI_HND:Gini coefficient (scale from 0 to 100),IS:Iceland,2014,22.7,
ESTAT:TESSI190(1.0),22/12/23 11:00:00,A:Annual,GINI_HND:Gini coefficient (scale from 0 to 100),IS:Iceland,2015,24.7,
ESTAT:TESSI190(1.0),22/12/23 11:00:00,A:Annual,GINI_HND:Gini coefficient (scale from 0 to 100),IS:Iceland,2016,24.1,
ESTAT:TESSI190(1.0),22/12/23 11:00:00,A:Annual,GINI_HND:Gini coefficient (scale from 0 to 100),IS:Iceland,2017,25.2,
ESTAT:TESSI190(1.0),22/12/23 11:00:00,A:Annual,GINI_HND:Gini coefficient (scale from 0 to 100),IS:Iceland,2018,23.2,
ESTAT:TESSI190(1.0),22/12/23 11:00:00,A:Annual,GINI_HND:Gini coefficient (scale from 0 to 100),IS:Iceland,2019,,
ESTAT:TESSI190(1.0),22/12/23 11:00:00,A:Annual,GINI_HND:Gini coefficient (scale from 0 to 100),IS:Iceland,2020,,
ESTAT:TESSI190(1.0),22/12/23 11:00:00,A:Annual,GINI_HND:Gini coefficient (scale from 0 to 100),IS:Iceland,2021,,
ESTAT:TESSI190(1.0),22/12/23 11:00:00,A:Annual,GINI_HND:Gini coefficient (scale from 0 to 100),IS:Iceland,2022,,
ESTAT:TESSI190(1.0),22/12/23 11:00:00,A:Annual,GINI_HND:Gini coefficient (scale from 0 to 100),IT:Italy,2011,32.5,
ESTAT:TESSI190(1.0),22/12/23 11:00:00,A:Annual,GINI_HND:Gini coefficient (scale from 0 to 100),IT:Italy,2012,32.4,
ESTAT:TESSI190(1.0),22/12/23 11:00:00,A:Annual,GINI_HND:Gini coefficient (scale from 0 to 100),IT:Italy,2013,32.8,
ESTAT:TESSI190(1.0),22/12/23 11:00:00,A:Annual,GINI_HND:Gini coefficient (scale from 0 to 100),IT:Italy,2014,32.4,
ESTAT:TESSI190(1.0),22/12/23 11:00:00,A:Annual,GINI_HND:Gini coefficient (scale from 0 to 100),IT:Italy,2015,32.4,
ESTAT:TESSI190(1.0),22/12/23 11:00:00,A:Annual,GINI_HND:Gini coefficient (scale from 0 to 100),IT:Italy,2016,33.1,
ESTAT:TESSI190(1.0),22/12/23 11:00:00,A:Annual,GINI_HND:Gini coefficient (scale from 0 to 100),IT:Italy,2017,32.7,
ESTAT:TESSI190(1.0),22/12/23 11:00:00,A:Annual,GINI_HND:Gini coefficient (scale from 0 to 100),IT:Italy,2018,33.4,
ESTAT:TESSI190(1.0),22/12/23 11:00:00,A:Annual,GINI_HND:Gini coefficient (scale from 0 to 100),IT:Italy,2019,32.8,
ESTAT:TESSI190(1.0),22/12/23 11:00:00,A:Annual,GINI_HND:Gini coefficient (scale from 0 to 100),IT:Italy,2020,32.5,
ESTAT:TESSI190(1.0),22/12/23 11:00:00,A:Annual,GINI_HND:Gini coefficient (scale from 0 to 100),IT:Italy,2021,32.9,
ESTAT:TESSI190(1.0),22/12/23 11:00:00,A:Annual,GINI_HND:Gini coefficient (scale from 0 to 100),IT:Italy,2022,32.7,
ESTAT:TESSI190(1.0),22/12/23 11:00:00,A:Annual,GINI_HND:Gini coefficient (scale from 0 to 100),LT:Lithuania,2011,33.0,
ESTAT:TESSI190(1.0),22/12/23 11:00:00,A:Annual,GINI_HND:Gini coefficient (scale from 0 to 100),LT:Lithuania,2012,32.0,
ESTAT:TESSI190(1.0),22/12/23 11:00:00,A:Annual,GINI_HND:Gini coefficient (scale from 0 to 100),LT:Lithuania,2013,34.6,
ESTAT:TESSI190(1.0),22/12/23 11:00:00,A:Annual,GINI_HND:Gini coefficient (scale from 0 to 100),LT:Lithuania,2014,35.0,
ESTAT:TESSI190(1.0),22/12/23 11:00:00,A:Annual,GINI_HND:Gini coefficient (scale from 0 to 100),LT:Lithuania,2015,37.9,
ESTAT:TESSI190(1.0),22/12/23 11:00:00,A:Annual,GINI_HND:Gini coefficient (scale from 0 to 100),LT:Lithuania,2016,37.0,
ESTAT:TESSI190(1.0),22/12/23 11:00:00,A:Annual,GINI_HND:Gini coefficient (scale from 0 to 100),LT:Lithuania,2017,37.6,
ESTAT:TESSI190(1.0),22/12/23 11:00:00,A:Annual,GINI_HND:Gini coefficient (scale from 0 to 100),LT:Lithuania,2018,36.9,
ESTAT:TESSI190(1.0),22/12/23 11:00:00,A:Annual,GINI_HND:Gini coefficient (scale from 0 to 100),LT:Lithuania,2019,35.4,
ESTAT:TESSI190(1.0),22/12/23 11:00:00,A:Annual,GINI_HND:Gini coefficient (scale from 0 to 100),LT:Lithuania,2020,35.1,
ESTAT:TESSI190(1.0),22/12/23 11:00:00,A:Annual,GINI_HND:Gini coefficient (scale from 0 to 100),LT:Lithuania,2021,35.4,
ESTAT:TESSI190(1.0),22/12/23 11:00:00,A:Annual,GINI_HND:Gini coefficient (scale from 0 to 100),LT:Lithuania,2022,36.2,
ESTAT:TESSI190(1.0),22/12/23 11:00:00,A:Annual,GINI_HND:Gini coefficient (scale from 0 to 100),LU:Luxembourg,2011,27.2,
ESTAT:TESSI190(1.0),22/12/23 11:00:00,A:Annual,GINI_HND:Gini coefficient (scale from 0 to 100),LU:Luxembourg,2012,28.0,
ESTAT:TESSI190(1.0),22/12/23 11:00:00,A:Annual,GINI_HND:Gini coefficient (scale from 0 to 100),LU:Luxembourg,2013,30.4,
ESTAT:TESSI190(1.0),22/12/23 11:00:00,A:Annual,GINI_HND:Gini coefficient (scale from 0 to 100),LU:Luxembourg,2014,28.7,
ESTAT:TESSI190(1.0),22/12/23 11:00:00,A:Annual,GINI_HND:Gini coefficient (scale from 0 to 100),LU:Luxembourg,2015,28.5,
ESTAT:TESSI190(1.0),22/12/23 11:00:00,A:Annual,GINI_HND:Gini coefficient (scale from 0 to 100),LU:Luxembourg,2016,29.6,b
ESTAT:TESSI190(1.0),22/12/23 11:00:00,A:Annual,GINI_HND:Gini coefficient (scale from 0 to 100),LU:Luxembourg,2017,29.2,
ESTAT:TESSI190(1.0),22/12/23 11:00:00,A:Annual,GINI_HND:Gini coefficient (scale from 0 to 100),LU:Luxembourg,2018,31.3,
ESTAT:TESSI190(1.0),22/12/23 11:00:00,A:Annual,GINI_HND:Gini coefficient (scale from 0 to 100),LU:Luxembourg,2019,32.3,
ESTAT:TESSI190(1.0),22/12/23 11:00:00,A:Annual,GINI_HND:Gini coefficient (scale from 0 to 100),LU:Luxembourg,2020,31.2,b
ESTAT:TESSI190(1.0),22/12/23 11:00:00,A:Annual,GINI_HND:Gini coefficient (scale from 0 to 100),LU:Luxembourg,2021,29.6,b
ESTAT:TESSI190(1.0),22/12/23 11:00:00,A:Annual,GINI_HND:Gini coefficient (scale from 0 to 100),LU:Luxembourg,2022,29.1,b
ESTAT:TESSI190(1.0),22/12/23 11:00:00,A:Annual,GINI_HND:Gini coefficient (scale from 0 to 100),LV:Latvia,2011,35.1,
ESTAT:TESSI190(1.0),22/12/23 11:00:00,A:Annual,GINI_HND:Gini coefficient (scale from 0 to 100),LV:Latvia,2012,35.7,
ESTAT:TESSI190(1.0),22/12/23 11:00:00,A:Annual,GINI_HND:Gini coefficient (scale from 0 to 100),LV:Latvia,2013,35.2,
ESTAT:TESSI190(1.0),22/12/23 11:00:00,A:Annual,GINI_HND:Gini coefficient (scale from 0 to 100),LV:Latvia,2014,35.5,
ESTAT:TESSI190(1.0),22/12/23 11:00:00,A:Annual,GINI_HND:Gini coefficient (scale from 0 to 100),LV:Latvia,2015,35.4,
ESTAT:TESSI190(1.0),22/12/23 11:00:00,A:Annual,GINI_HND:Gini coefficient (scale from 0 to 100),LV:Latvia,2016,34.5,
ESTAT:TESSI190(1.0),22/12/23 11:00:00,A:Annual,GINI_HND:Gini coefficient (scale from 0 to 100),LV:Latvia,2017,34.5,
ESTAT:TESSI190(1.0),22/12/23 11:00:00,A:Annual,GINI_HND:Gini coefficient (scale from 0 to 100),LV:Latvia,2018,35.6,
ESTAT:TESSI190(1.0),22/12/23 11:00:00,A:Annual,GINI_HND:Gini coefficient (scale from 0 to 100),LV:Latvia,2019,35.2,
ESTAT:TESSI190(1.0),22/12/23 11:00:00,A:Annual,GINI_HND:Gini coefficient (scale from 0 to 100),LV:Latvia,2020,34.5,
ESTAT:TESSI190(1.0),22/12/23 11:00:00,A:Annual,GINI_HND:Gini coefficient (scale from 0 to 100),LV:Latvia,2021,35.7,
ESTAT:TESSI190(1.0),22/12/23 11:00:00,A:Annual,GINI_HND:Gini coefficient (scale from 0 to 100),LV:Latvia,2022,34.3,
ESTAT:TESSI190(1.0),22/12/23 11:00:00,A:Annual,GINI_HND:Gini coefficient (scale from 0 to 100),ME:Montenegro,2011,,
ESTAT:TESSI190(1.0),22/12/23 11:00:00,A:Annual,GINI_HND:Gini coefficient (scale from 0 to 100),ME:Montenegro,2012,,
ESTAT:TESSI190(1.0),22/12/23 11:00:00,A:Annual,GINI_HND:Gini coefficient (scale from 0 to 100),ME:Montenegro,2013,38.5,
ESTAT:TESSI190(1.0),22/12/23 11:00:00,A:Annual,GINI_HND:Gini coefficient (scale from 0 to 100),ME:Montenegro,2014,36.5,
ESTAT:TESSI190(1.0),22/12/23 11:00:00,A:Annual,GINI_HND:Gini coefficient (scale from 0 to 100),ME:Montenegro,2015,36.5,
ESTAT:TESSI190(1.0),22/12/23 11:00:00,A:Annual,GINI_HND:Gini coefficient (scale from 0 to 100),ME:Montenegro,2016,36.5,
ESTAT:TESSI190(1.0),22/12/23 11:00:00,A:Annual,GINI_HND:Gini coefficient (scale from 0 to 100),ME:Montenegro,2017,36.7,
ESTAT:TESSI190(1.0),22/12/23 11:00:00,A:Annual,GINI_HND:Gini coefficient (scale from 0 to 100),ME:Montenegro,2018,34.7,
ESTAT:TESSI190(1.0),22/12/23 11:00:00,A:Annual,GINI_HND:Gini coefficient (scale from 0 to 100),ME:Montenegro,2019,34.1,
ESTAT:TESSI190(1.0),22/12/23 11:00:00,A:Annual,GINI_HND:Gini coefficient (scale from 0 to 100),ME:Montenegro,2020,32.9,
ESTAT:TESSI190(1.0),22/12/23 11:00:00,A:Annual,GINI_HND:Gini coefficient (scale from 0 to 100),ME:Montenegro,2021,32.5,
ESTAT:TESSI190(1.0),22/12/23 11:00:00,A:Annual,GINI_HND:Gini coefficient (scale from 0 to 100),ME:Montenegro,2022,31.5,
ESTAT:TESSI190(1.0),22/12/23 11:00:00,A:Annual,GINI_HND:Gini coefficient (scale from 0 to 100),MK:North Macedonia,2011,,
ESTAT:TESSI190(1.0),22/12/23 11:00:00,A:Annual,GINI_HND:Gini coefficient (scale from 0 to 100),MK:North Macedonia,2012,38.8,
ESTAT:TESSI190(1.0),22/12/23 11:00:00,A:Annual,GINI_HND:Gini coefficient (scale from 0 to 100),MK:North Macedonia,2013,37.0,
ESTAT:TESSI190(1.0),22/12/23 11:00:00,A:Annual,GINI_HND:Gini coefficient (scale from 0 to 100),MK:North Macedonia,2014,35.2,
ESTAT:TESSI190(1.0),22/12/23 11:00:00,A:Annual,GINI_HND:Gini coefficient (scale from 0 to 100),MK:North Macedonia,2015,33.7,
ESTAT:TESSI190(1.0),22/12/23 11:00:00,A:Annual,GINI_HND:Gini coefficient (scale from 0 to 100),MK:North Macedonia,2016,33.6,
ESTAT:TESSI190(1.0),22/12/23 11:00:00,A:Annual,GINI_HND:Gini coefficient (scale from 0 to 100),MK:North Macedonia,2017,32.4,
ESTAT:TESSI190(1.0),22/12/23 11:00:00,A:Annual,GINI_HND:Gini coefficient (scale from 0 to 100),MK:North Macedonia,2018,31.9,
ESTAT:TESSI190(1.0),22/12/23 11:00:00,A:Annual,GINI_HND:Gini coefficient (scale from 0 to 100),MK:North Macedonia,2019,30.7,
ESTAT:TESSI190(1.0),22/12/23 11:00:00,A:Annual,GINI_HND:Gini coefficient (scale from 0 to 100),MK:North Macedonia,2020,31.4,
ESTAT:TESSI190(1.0),22/12/23 11:00:00,A:Annual,GINI_HND:Gini coefficient (scale from 0 to 100),MK:North Macedonia,2021,,
ESTAT:TESSI190(1.0),22/12/23 11:00:00,A:Annual,GINI_HND:Gini coefficient (scale from 0 to 100),MK:North Macedonia,2022,,
ESTAT:TESSI190(1.0),22/12/23 11:00:00,A:Annual,GINI_HND:Gini coefficient (scale from 0 to 100),MT:Malta,2011,27.2,
ESTAT:TESSI190(1.0),22/12/23 11:00:00,A:Annual,GINI_HND:Gini coefficient (scale from 0 to 100),MT:Malta,2012,27.1,
ESTAT:TESSI190(1.0),22/12/23 11:00:00,A:Annual,GINI_HND:Gini coefficient (scale from 0 to 100),MT:Malta,2013,28.0,
ESTAT:TESSI190(1.0),22/12/23 11:00:00,A:Annual,GINI_HND:Gini coefficient (scale from 0 to 100),MT:Malta,2014,27.7,
ESTAT:TESSI190(1.0),22/12/23 11:00:00,A:Annual,GINI_HND:Gini coefficient (scale from 0 to 100),MT:Malta,2015,28.1,
ESTAT:TESSI190(1.0),22/12/23 11:00:00,A:Annual,GINI_HND:Gini coefficient (scale from 0 to 100),MT:Malta,2016,28.6,
ESTAT:TESSI190(1.0),22/12/23 11:00:00,A:Annual,GINI_HND:Gini coefficient (scale from 0 to 100),MT:Malta,2017,28.2,
ESTAT:TESSI190(1.0),22/12/23 11:00:00,A:Annual,GINI_HND:Gini coefficient (scale from 0 to 100),MT:Malta,2018,28.7,
ESTAT:TESSI190(1.0),22/12/23 11:00:00,A:Annual,GINI_HND:Gini coefficient (scale from 0 to 100),MT:Malta,2019,28.0,
ESTAT:TESSI190(1.0),22/12/23 11:00:00,A:Annual,GINI_HND:Gini coefficient (scale from 0 to 100),MT:Malta,2020,30.3,
ESTAT:TESSI190(1.0),22/12/23 11:00:00,A:Annual,GINI_HND:Gini coefficient (scale from 0 to 100),MT:Malta,2021,31.2,
ESTAT:TESSI190(1.0),22/12/23 11:00:00,A:Annual,GINI_HND:Gini coefficient (scale from 0 to 100),MT:Malta,2022,31.1,
ESTAT:TESSI190(1.0),22/12/23 11:00:00,A:Annual,GINI_HND:Gini coefficient (scale from 0 to 100),NL:Netherlands,2011,25.8,
ESTAT:TESSI190(1.0),22/12/23 11:00:00,A:Annual,GINI_HND:Gini coefficient (scale from 0 to 100),NL:Netherlands,2012,25.4,
ESTAT:TESSI190(1.0),22/12/23 11:00:00,A:Annual,GINI_HND:Gini coefficient (scale from 0 to 100),NL:Netherlands,2013,25.1,
ESTAT:TESSI190(1.0),22/12/23 11:00:00,A:Annual,GINI_HND:Gini coefficient (scale from 0 to 100),NL:Netherlands,2014,26.2,
ESTAT:TESSI190(1.0),22/12/23 11:00:00,A:Annual,GINI_HND:Gini coefficient (scale from 0 to 100),NL:Netherlands,2015,26.7,
ESTAT:TESSI190(1.0),22/12/23 11:00:00,A:Annual,GINI_HND:Gini coefficient (scale from 0 to 100),NL:Netherlands,2016,26.9,b
ESTAT:TESSI190(1.0),22/12/23 11:00:00,A:Annual,GINI_HND:Gini coefficient (scale from 0 to 100),NL:Netherlands,2017,27.1,
ESTAT:TESSI190(1.0),22/12/23 11:00:00,A:Annual,GINI_HND:Gini coefficient (scale from 0 to 100),NL:Netherlands,2018,27.4,
ESTAT:TESSI190(1.0),22/12/23 11:00:00,A:Annual,GINI_HND:Gini coefficient (scale from 0 to 100),NL:Netherlands,2019,26.8,
ESTAT:TESSI190(1.0),22/12/23 11:00:00,A:Annual,GINI_HND:Gini coefficient (scale from 0 to 100),NL:Netherlands,2020,28.2,
ESTAT:TESSI190(1.0),22/12/23 11:00:00,A:Annual,GINI_HND:Gini coefficient (scale from 0 to 100),NL:Netherlands,2021,26.4,
ESTAT:TESSI190(1.0),22/12/23 11:00:00,A:Annual,GINI_HND:Gini coefficient (scale from 0 to 100),NL:Netherlands,2022,26.3,
ESTAT:TESSI190(1.0),22/12/23 11:00:00,A:Annual,GINI_HND:Gini coefficient (scale from 0 to 100),NO:Norway,2011,22.9,
ESTAT:TESSI190(1.0),22/12/23 11:00:00,A:Annual,GINI_HND:Gini coefficient (scale from 0 to 100),NO:Norway,2012,22.5,
ESTAT:TESSI190(1.0),22/12/23 11:00:00,A:Annual,GINI_HND:Gini coefficient (scale from 0 to 100),NO:Norway,2013,22.7,
ESTAT:TESSI190(1.0),22/12/23 11:00:00,A:Annual,GINI_HND:Gini coefficient (scale from 0 to 100),NO:Norway,2014,23.5,
ESTAT:TESSI190(1.0),22/12/23 11:00:00,A:Annual,GINI_HND:Gini coefficient (scale from 0 to 100),NO:Norway,2015,23.9,
ESTAT:TESSI190(1.0),22/12/23 11:00:00,A:Annual,GINI_HND:Gini coefficient (scale from 0 to 100),NO:Norway,2016,25.0,
ESTAT:TESSI190(1.0),22/12/23 11:00:00,A:Annual,GINI_HND:Gini coefficient (scale from 0 to 100),NO:Norway,2017,26.1,
ESTAT:TESSI190(1.0),22/12/23 11:00:00,A:Annual,GINI_HND:Gini coefficient (scale from 0 to 100),NO:Norway,2018,24.8,
ESTAT:TESSI190(1.0),22/12/23 11:00:00,A:Annual,GINI_HND:Gini coefficient (scale from 0 to 100),NO:Norway,2019,25.4,
ESTAT:TESSI190(1.0),22/12/23 11:00:00,A:Annual,GINI_HND:Gini coefficient (scale from 0 to 100),NO:Norway,2020,25.3,
ESTAT:TESSI190(1.0),22/12/23 11:00:00,A:Annual,GINI_HND:Gini coefficient (scale from 0 to 100),NO:Norway,2021,25.9,b
ESTAT:TESSI190(1.0),22/12/23 11:00:00,A:Annual,GINI_HND:Gini coefficient (scale from 0 to 100),NO:Norway,2022,27.5,
ESTAT:TESSI190(1.0),22/12/23 11:00:00,A:Annual,GINI_HND:Gini coefficient (scale from 0 to 100),PL:Poland,2011,31.1,
ESTAT:TESSI190(1.0),22/12/23 11:00:00,A:Annual,GINI_HND:Gini coefficient (scale from 0 to 100),PL:Poland,2012,30.9,
ESTAT:TESSI190(1.0),22/12/23 11:00:00,A:Annual,GINI_HND:Gini coefficient (scale from 0 to 100),PL:Poland,2013,30.7,
ESTAT:TESSI190(1.0),22/12/23 11:00:00,A:Annual,GINI_HND:Gini coefficient (scale from 0 to 100),PL:Poland,2014,30.8,
ESTAT:TESSI190(1.0),22/12/23 11:00:00,A:Annual,GINI_HND:Gini coefficient (scale from 0 to 100),PL:Poland,2015,30.6,
ESTAT:TESSI190(1.0),22/12/23 11:00:00,A:Annual,GINI_HND:Gini coefficient (scale from 0 to 100),PL:Poland,2016,29.8,
ESTAT:TESSI190(1.0),22/12/23 11:00:00,A:Annual,GINI_HND:Gini coefficient (scale from 0 to 100),PL:Poland,2017,29.2,
ESTAT:TESSI190(1.0),22/12/23 11:00:00,A:Annual,GINI_HND:Gini coefficient (scale from 0 to 100),PL:Poland,2018,27.8,
ESTAT:TESSI190(1.0),22/12/23 11:00:00,A:Annual,GINI_HND:Gini coefficient (scale from 0 to 100),PL:Poland,2019,28.5,
ESTAT:TESSI190(1.0),22/12/23 11:00:00,A:Annual,GINI_HND:Gini coefficient (scale from 0 to 100),PL:Poland,2020,27.2,
ESTAT:TESSI190(1.0),22/12/23 11:00:00,A:Annual,GINI_HND:Gini coefficient (scale from 0 to 100),PL:Poland,2021,26.8,
ESTAT:TESSI190(1.0),22/12/23 11:00:00,A:Annual,GINI_HND:Gini coefficient (scale from 0 to 100),PL:Poland,2022,26.3,
ESTAT:TESSI190(1.0),22/12/23 11:00:00,A:Annual,GINI_HND:Gini coefficient (scale from 0 to 100),PT:Portugal,2011,34.2,
ESTAT:TESSI190(1.0),22/12/23 11:00:00,A:Annual,GINI_HND:Gini coefficient (scale from 0 to 100),PT:Portugal,2012,34.5,
ESTAT:TESSI190(1.0),22/12/23 11:00:00,A:Annual,GINI_HND:Gini coefficient (scale from 0 to 100),PT:Portugal,2013,34.2,
ESTAT:TESSI190(1.0),22/12/23 11:00:00,A:Annual,GINI_HND:Gini coefficient (scale from 0 to 100),PT:Portugal,2014,34.5,
ESTAT:TESSI190(1.0),22/12/23 11:00:00,A:Annual,GINI_HND:Gini coefficient (scale from 0 to 100),PT:Portugal,2015,34.0,
ESTAT:TESSI190(1.0),22/12/23 11:00:00,A:Annual,GINI_HND:Gini coefficient (scale from 0 to 100),PT:Portugal,2016,33.9,
ESTAT:TESSI190(1.0),22/12/23 11:00:00,A:Annual,GINI_HND:Gini coefficient (scale from 0 to 100),PT:Portugal,2017,33.5,
ESTAT:TESSI190(1.0),22/12/23 11:00:00,A:Annual,GINI_HND:Gini coefficient (scale from 0 to 100),PT:Portugal,2018,32.1,
ESTAT:TESSI190(1.0),22/12/23 11:00:00,A:Annual,GINI_HND:Gini coefficient (scale from 0 to 100),PT:Portugal,2019,31.9,
ESTAT:TESSI190(1.0),22/12/23 11:00:00,A:Annual,GINI_HND:Gini coefficient (scale from 0 to 100),PT:Portugal,2020,31.2,
ESTAT:TESSI190(1.0),22/12/23 11:00:00,A:Annual,GINI_HND:Gini coefficient (scale from 0 to 100),PT:Portugal,2021,33.0,
ESTAT:TESSI190(1.0),22/12/23 11:00:00,A:Annual,GINI_HND:Gini coefficient (scale from 0 to 100),PT:Portugal,2022,32.0,
ESTAT:TESSI190(1.0),22/12/23 11:00:00,A:Annual,GINI_HND:Gini coefficient (scale from 0 to 100),RO:Romania,2011,33.5,
ESTAT:TESSI190(1.0),22/12/23 11:00:00,A:Annual,GINI_HND:Gini coefficient (scale from 0 to 100),RO:Romania,2012,34.0,
ESTAT:TESSI190(1.0),22/12/23 11:00:00,A:Annual,GINI_HND:Gini coefficient (scale from 0 to 100),RO:Romania,2013,34.6,
ESTAT:TESSI190(1.0),22/12/23 11:00:00,A:Annual,GINI_HND:Gini coefficient (scale from 0 to 100),RO:Romania,2014,35.0,
ESTAT:TESSI190(1.0),22/12/23 11:00:00,A:Annual,GINI_HND:Gini coefficient (scale from 0 to 100),RO:Romania,2015,37.4,
ESTAT:TESSI190(1.0),22/12/23 11:00:00,A:Annual,GINI_HND:Gini coefficient (scale from 0 to 100),RO:Romania,2016,34.7,
ESTAT:TESSI190(1.0),22/12/23 11:00:00,A:Annual,GINI_HND:Gini coefficient (scale from 0 to 100),RO:Romania,2017,33.1,
ESTAT:TESSI190(1.0),22/12/23 11:00:00,A:Annual,GINI_HND:Gini coefficient (scale from 0 to 100),RO:Romania,2018,35.1,
ESTAT:TESSI190(1.0),22/12/23 11:00:00,A:Annual,GINI_HND:Gini coefficient (scale from 0 to 100),RO:Romania,2019,34.8,
ESTAT:TESSI190(1.0),22/12/23 11:00:00,A:Annual,GINI_HND:Gini coefficient (scale from 0 to 100),RO:Romania,2020,33.8,
ESTAT:TESSI190(1.0),22/12/23 11:00:00,A:Annual,GINI_HND:Gini coefficient (scale from 0 to 100),RO:Romania,2021,34.3,
ESTAT:TESSI190(1.0),22/12/23 11:00:00,A:Annual,GINI_HND:Gini coefficient (scale from 0 to 100),RO:Romania,2022,32.0,
ESTAT:TESSI190(1.0),22/12/23 11:00:00,A:Annual,GINI_HND:Gini coefficient (scale from 0 to 100),RS:Serbia,2011,,
ESTAT:TESSI190(1.0),22/12/23 11:00:00,A:Annual,GINI_HND:Gini coefficient (scale from 0 to 100),RS:Serbia,2012,,
ESTAT:TESSI190(1.0),22/12/23 11:00:00,A:Annual,GINI_HND:Gini coefficient (scale from 0 to 100),RS:Serbia,2013,38.0,
ESTAT:TESSI190(1.0),22/12/23 11:00:00,A:Annual,GINI_HND:Gini coefficient (scale from 0 to 100),RS:Serbia,2014,38.3,
ESTAT:TESSI190(1.0),22/12/23 11:00:00,A:Annual,GINI_HND:Gini coefficient (scale from 0 to 100),RS:Serbia,2015,40.0,
ESTAT:TESSI190(1.0),22/12/23 11:00:00,A:Annual,GINI_HND:Gini coefficient (scale from 0 to 100),RS:Serbia,2016,39.8,
ESTAT:TESSI190(1.0),22/12/23 11:00:00,A:Annual,GINI_HND:Gini coefficient (scale from 0 to 100),RS:Serbia,2017,37.8,
ESTAT:TESSI190(1.0),22/12/23 11:00:00,A:Annual,GINI_HND:Gini coefficient (scale from 0 to 100),RS:Serbia,2018,35.6,
ESTAT:TESSI190(1.0),22/12/23 11:00:00,A:Annual,GINI_HND:Gini coefficient (scale from 0 to 100),RS:Serbia,2019,33.3,
ESTAT:TESSI190(1.0),22/12/23 11:00:00,A:Annual,GINI_HND:Gini coefficient (scale from 0 to 100),RS:Serbia,2020,33.3,
ESTAT:TESSI190(1.0),22/12/23 11:00:00,A:Annual,GINI_HND:Gini coefficient (scale from 0 to 100),RS:Serbia,2021,33.3,
ESTAT:TESSI190(1.0),22/12/23 11:00:00,A:Annual,GINI_HND:Gini coefficient (scale from 0 to 100),RS:Serbia,2022,32.0,
ESTAT:TESSI190(1.0),22/12/23 11:00:00,A:Annual,GINI_HND:Gini coefficient (scale from 0 to 100),SE:Sweden,2011,26.0,
ESTAT:TESSI190(1.0),22/12/23 11:00:00,A:Annual,GINI_HND:Gini coefficient (scale from 0 to 100),SE:Sweden,2012,26.0,
ESTAT:TESSI190(1.0),22/12/23 11:00:00,A:Annual,GINI_HND:Gini coefficient (scale from 0 to 100),SE:Sweden,2013,26.0,
ESTAT:TESSI190(1.0),22/12/23 11:00:00,A:Annual,GINI_HND:Gini coefficient (scale from 0 to 100),SE:Sweden,2014,26.9,
ESTAT:TESSI190(1.0),22/12/23 11:00:00,A:Annual,GINI_HND:Gini coefficient (scale from 0 to 100),SE:Sweden,2015,26.7,
ESTAT:TESSI190(1.0),22/12/23 11:00:00,A:Annual,GINI_HND:Gini coefficient (scale from 0 to 100),SE:Sweden,2016,27.6,
ESTAT:TESSI190(1.0),22/12/23 11:00:00,A:Annual,GINI_HND:Gini coefficient (scale from 0 to 100),SE:Sweden,2017,28.0,
ESTAT:TESSI190(1.0),22/12/23 11:00:00,A:Annual,GINI_HND:Gini coefficient (scale from 0 to 100),SE:Sweden,2018,27.0,
ESTAT:TESSI190(1.0),22/12/23 11:00:00,A:Annual,GINI_HND:Gini coefficient (scale from 0 to 100),SE:Sweden,2019,27.6,
ESTAT:TESSI190(1.0),22/12/23 11:00:00,A:Annual,GINI_HND:Gini coefficient (scale from 0 to 100),SE:Sweden,2020,26.9,
ESTAT:TESSI190(1.0),22/12/23 11:00:00,A:Annual,GINI_HND:Gini coefficient (scale from 0 to 100),SE:Sweden,2021,26.8,
ESTAT:TESSI190(1.0),22/12/23 11:00:00,A:Annual,GINI_HND:Gini coefficient (scale from 0 to 100),SE:Sweden,2022,27.6,
ESTAT:TESSI190(1.0),22/12/23 11:00:00,A:Annual,GINI_HND:Gini coefficient (scale from 0 to 100),SI:Slovenia,2011,23.8,
ESTAT:TESSI190(1.0),22/12/23 11:00:00,A:Annual,GINI_HND:Gini coefficient (scale from 0 to 100),SI:Slovenia,2012,23.7,
ESTAT:TESSI190(1.0),22/12/23 11:00:00,A:Annual,GINI_HND:Gini coefficient (scale from 0 to 100),SI:Slovenia,2013,24.4,
ESTAT:TESSI190(1.0),22/12/23 11:00:00,A:Annual,GINI_HND:Gini coefficient (scale from 0 to 100),SI:Slovenia,2014,25.0,
ESTAT:TESSI190(1.0),22/12/23 11:00:00,A:Annual,GINI_HND:Gini coefficient (scale from 0 to 100),SI:Slovenia,2015,24.5,
ESTAT:TESSI190(1.0),22/12/23 11:00:00,A:Annual,GINI_HND:Gini coefficient (scale from 0 to 100),SI:Slovenia,2016,24.4,
ESTAT:TESSI190(1.0),22/12/23 11:00:00,A:Annual,GINI_HND:Gini coefficient (scale from 0 to 100),SI:Slovenia,2017,23.7,
ESTAT:TESSI190(1.0),22/12/23 11:00:00,A:Annual,GINI_HND:Gini coefficient (scale from 0 to 100),SI:Slovenia,2018,23.4,
ESTAT:TESSI190(1.0),22/12/23 11:00:00,A:Annual,GINI_HND:Gini coefficient (scale from 0 to 100),SI:Slovenia,2019,23.9,
ESTAT:TESSI190(1.0),22/12/23 11:00:00,A:Annual,GINI_HND:Gini coefficient (scale from 0 to 100),SI:Slovenia,2020,23.5,
ESTAT:TESSI190(1.0),22/12/23 11:00:00,A:Annual,GINI_HND:Gini coefficient (scale from 0 to 100),SI:Slovenia,2021,23.0,
ESTAT:TESSI190(1.0),22/12/23 11:00:00,A:Annual,GINI_HND:Gini coefficient (scale from 0 to 100),SI:Slovenia,2022,23.1,
ESTAT:TESSI190(1.0),22/12/23 11:00:00,A:Annual,GINI_HND:Gini coefficient (scale from 0 to 100),SK:Slovakia,2011,25.7,
ESTAT:TESSI190(1.0),22/12/23 11:00:00,A:Annual,GINI_HND:Gini coefficient (scale from 0 to 100),SK:Slovakia,2012,25.3,
ESTAT:TESSI190(1.0),22/12/23 11:00:00,A:Annual,GINI_HND:Gini coefficient (scale from 0 to 100),SK:Slovakia,2013,24.2,
ESTAT:TESSI190(1.0),22/12/23 11:00:00,A:Annual,GINI_HND:Gini coefficient (scale from 0 to 100),SK:Slovakia,2014,26.1,
ESTAT:TESSI190(1.0),22/12/23 11:00:00,A:Annual,GINI_HND:Gini coefficient (scale from 0 to 100),SK:Slovakia,2015,23.7,
ESTAT:TESSI190(1.0),22/12/23 11:00:00,A:Annual,GINI_HND:Gini coefficient (scale from 0 to 100),SK:Slovakia,2016,24.3,
ESTAT:TESSI190(1.0),22/12/23 11:00:00,A:Annual,GINI_HND:Gini coefficient (scale from 0 to 100),SK:Slovakia,2017,23.2,
ESTAT:TESSI190(1.0),22/12/23 11:00:00,A:Annual,GINI_HND:Gini coefficient (scale from 0 to 100),SK:Slovakia,2018,20.9,
ESTAT:TESSI190(1.0),22/12/23 11:00:00,A:Annual,GINI_HND:Gini coefficient (scale from 0 to 100),SK:Slovakia,2019,22.8,
ESTAT:TESSI190(1.0),22/12/23 11:00:00,A:Annual,GINI_HND:Gini coefficient (scale from 0 to 100),SK:Slovakia,2020,20.9,
ESTAT:TESSI190(1.0),22/12/23 11:00:00,A:Annual,GINI_HND:Gini coefficient (scale from 0 to 100),SK:Slovakia,2021,21.8,
ESTAT:TESSI190(1.0),22/12/23 11:00:00,A:Annual,GINI_HND:Gini coefficient (scale from 0 to 100),SK:Slovakia,2022,21.2,
ESTAT:TESSI190(1.0),22/12/23 11:00:00,A:Annual,GINI_HND:Gini coefficient (scale from 0 to 100),TR:Türkiye,2011,43.3,
ESTAT:TESSI190(1.0),22/12/23 11:00:00,A:Annual,GINI_HND:Gini coefficient (scale from 0 to 100),TR:Türkiye,2012,42.8,
ESTAT:TESSI190(1.0),22/12/23 11:00:00,A:Annual,GINI_HND:Gini coefficient (scale from 0 to 100),TR:Türkiye,2013,42.1,
ESTAT:TESSI190(1.0),22/12/23 11:00:00,A:Annual,GINI_HND:Gini coefficient (scale from 0 to 100),TR:Türkiye,2014,41.2,
ESTAT:TESSI190(1.0),22/12/23 11:00:00,A:Annual,GINI_HND:Gini coefficient (scale from 0 to 100),TR:Türkiye,2015,41.9,
ESTAT:TESSI190(1.0),22/12/23 11:00:00,A:Annual,GINI_HND:Gini coefficient (scale from 0 to 100),TR:Türkiye,2016,42.6,
ESTAT:TESSI190(1.0),22/12/23 11:00:00,A:Annual,GINI_HND:Gini coefficient (scale from 0 to 100),TR:Türkiye,2017,43.0,
ESTAT:TESSI190(1.0),22/12/23 11:00:00,A:Annual,GINI_HND:Gini coefficient (scale from 0 to 100),TR:Türkiye,2018,43.0,
ESTAT:TESSI190(1.0),22/12/23 11:00:00,A:Annual,GINI_HND:Gini coefficient (scale from 0 to 100),TR:Türkiye,2019,41.7,
ESTAT:TESSI190(1.0),22/12/23 11:00:00,A:Annual,GINI_HND:Gini coefficient (scale from 0 to 100),TR:Türkiye,2020,43.4,
ESTAT:TESSI190(1.0),22/12/23 11:00:00,A:Annual,GINI_HND:Gini coefficient (scale from 0 to 100),TR:Türkiye,2021,42.6,
ESTAT:TESSI190(1.0),22/12/23 11:00:00,A:Annual,GINI_HND:Gini coefficient (scale from 0 to 100),TR:Türkiye,2022,,
ESTAT:TESSI190(1.0),22/12/23 11:00:00,A:Annual,GINI_HND:Gini coefficient (scale from 0 to 100),UK:United Kingdom,2011,33.0,
ESTAT:TESSI190(1.0),22/12/23 11:00:00,A:Annual,GINI_HND:Gini coefficient (scale from 0 to 100),UK:United Kingdom,2012,31.3,b
ESTAT:TESSI190(1.0),22/12/23 11:00:00,A:Annual,GINI_HND:Gini coefficient (scale from 0 to 100),UK:United Kingdom,2013,30.2,
ESTAT:TESSI190(1.0),22/12/23 11:00:00,A:Annual,GINI_HND:Gini coefficient (scale from 0 to 100),UK:United Kingdom,2014,31.6,
ESTAT:TESSI190(1.0),22/12/23 11:00:00,A:Annual,GINI_HND:Gini coefficient (scale from 0 to 100),UK:United Kingdom,2015,32.4,
ESTAT:TESSI190(1.0),22/12/23 11:00:00,A:Annual,GINI_HND:Gini coefficient (scale from 0 to 100),UK:United Kingdom,2016,31.5,
ESTAT:TESSI190(1.0),22/12/23 11:00:00,A:Annual,GINI_HND:Gini coefficient (scale from 0 to 100),UK:United Kingdom,2017,33.1,b
ESTAT:TESSI190(1.0),22/12/23 11:00:00,A:Annual,GINI_HND:Gini coefficient (scale from 0 to 100),UK:United Kingdom,2018,33.5,
ESTAT:TESSI190(1.0),22/12/23 11:00:00,A:Annual,GINI_HND:Gini coefficient (scale from 0 to 100),UK:United Kingdom,2019,,
ESTAT:TESSI190(1.0),22/12/23 11:00:00,A:Annual,GINI_HND:Gini coefficient (scale from 0 to 100),UK:United Kingdom,2020,,
ESTAT:TESSI190(1.0),22/12/23 11:00:00,A:Annual,GINI_HND:Gini coefficient (scale from 0 to 100),UK:United Kingdom,2021,,
ESTAT:TESSI190(1.0),22/12/23 11:00:00,A:Annual,GINI_HND:Gini coefficient (scale from 0 to 100),UK:United Kingdom,2022,,
